{
  "soleh" : {
    "fullname"  : "Soleh Said",
    "address"   : "Jakarta",
    "status"    : "Active",
    "grades" : {
      "physics"  	: 80,
      "calculus" 	: 70,
      "biologi"  	: 85
    }
  },
  "ridwan" : {
    "fullname"  : "Ridwan Jamil",
    "address"   : "Bandung",
    "status"    : "On Leave",
    "grades" : {
      "physics"  	: 75,
      "calculus" 	: 95,
      "biologi"  	: 65
    }
  },
  "purwoko" : {
    "fullname"  : "Ahmad Purwoko",
    "address"   : "Jogja",
    "status"    : "Non Active",
    "grades" : {
      "physics"  	: 0,
      "calculus" 	: 0,
      "biologi"  	: 0
    }
  }
}